{
  "fruit": "orange",
  "diameter_mm": 88.24940670021378,
  "center": [
    -0.3065735779995326,
    0.10260471865555153,
    0.7027021706235109
  ],
  "rms_mm": 0.6679340048996736,
  "n_points": 5380,
  "inlier_frac": 0.4828996282527881,
  "view_offset": [
    0.3,
    0.0,
    0.02
  ]
}